admission_type,patient_count,total_tests,abnormal_tests,avg_los_days,median_los,abnormal_rate
ELECTIVE,8,3139,1211,21.234447276202616,12.28,0.3858
EMERGENCY,91,58155,23004,28.836950219241682,13.75,0.3956
URGENT,2,514,138,6.311011673151751,6.83,0.2685
